code,name,changepercent,trade,open,high,low,settlement,volume,turnoverratio,amount,per,pb,mktcap,nmc,c_name
600586,金晶科技,-0.249,4.01,4.02,4.05,4.01,4.02,4421700,0.30845,17792437,150.752,1.389,584779.1421,574834.6228,玻璃行业
2623,亚玛顿,0.509,19.75,19.69,19.8,19.47,19.65,1382207,0.86619,27091882,179.545,1.459,316000,315157.9094,玻璃行业
601929,吉视传媒,0.358,2.8,2.79,2.82,2.78,2.79,9334439,0.30007,26150110,23.789,1.349,871024.3338,871024.3338,传媒娱乐
2181,粤 传 媒,1.389,4.38,4.33,4.4,4.31,4.32,2625740,0.23148,11458253,26.838,1.364,508543.4802,496829.2013,传媒娱乐
300148,天舟文化,1.988,6.67,6.53,6.69,6.5,6.54,21814545,2.88088,143907056,15.159,1.317,563571.2755,505064.8342,传媒娱乐
600757,长江传媒,1.322,6.9,6.81,6.92,6.81,6.81,4230575,0.34863,29107227,14.082,1.395,837418.6884,837313.0011,传媒娱乐
917,电广传媒,0.772,7.83,7.76,7.86,7.75,7.77,12775611,0.98682,99827262,32.625,1.032,1109946.613,1013691.18,传媒娱乐
665,湖北广电,1.167,10.4,10.37,10.46,10.29,10.28,6116195,0.96143,63521823,21.667,1.145,661666.1459,661605.1759,传媒娱乐
300291,华录百纳,-0.592,11.76,11.99,11.99,11.66,11.83,9148016,1.5334,107575134,22.835,1.492,955454.343,701582.1396,传媒娱乐
600551,时代出版,1.194,11.87,11.77,11.88,11.74,11.73,1509770,0.29848,17861762,14.914,1.193,600414.6264,600414.6264,传媒娱乐
600037,歌华有线,1.738,12.88,12.72,12.92,12.66,12.66,6630497,0.56751,84734731,24.717,1.405,1792609.915,1504837.409,传媒娱乐
504,南华生物,0.503,24,23.97,24.2,23.75,23.88,891711,0.28703,21344193,342.857,-490.798,747777.3624,745615.6824,传媒娱乐
1965,招商公路,-0.213,9.37,9.4,9.45,9.34,9.39,8515622,1.53486,79845704,14.048,1.395,5788984.173,519860.3713,次新股
600863,内蒙华电,0,2.71,2.71,2.73,2.69,2.71,9877757,0.17008,26712507,45.167,1.474,1573898.895,1573898.895,电力行业
600396,金山股份,0.37,2.71,2.7,2.72,2.69,2.7,2470465,0.21212,6683220,-4.456,1.212,399103.5474,315618.8405,电力行业
767,漳泽电力,0.366,2.74,2.73,2.75,2.72,2.73,3759025,0.12907,10280958,74.054,1.076,843082.168,797968.8489,电力行业
600795,国电电力,-0.336,2.97,2.98,2.99,2.95,2.98,39777690,0.20243,117875381,12.802,1.176,5836168.16,5836168.16,电力行业
875,吉电股份,0,3.31,3.31,3.33,3.29,3.31,9219843,0.47177,30438085,-20.688,0.941,710429.9274,646876.3637,电力行业
600578,京能电力,0,3.47,3.47,3.49,3.46,3.47,3223900,0.06982,11218793,12.393,1.058,2341116.857,1602210.371,电力行业
966,长源电力,-0.28,3.56,3.54,3.59,3.52,3.57,8982882,0.81052,31865612,9.894,1.152,394549.1325,394549.1325,电力行业
601991,大唐发电,-0.541,3.68,3.71,3.71,3.66,3.7,12225391,0.12232,44960737,28.616,1.175,6810469.465,3677924.48,电力行业
600027,华电国际,0.264,3.8,3.8,3.81,3.76,3.79,10965757,0.16163,41498253,86.364,0.898,3747931.128,2578150.159,电力行业
862,银星能源,0.522,3.85,3.83,3.87,3.8,3.83,4062680,0.81034,15586097,-14.419,1.051,271855.8138,193020.8627,电力行业
600780,通宝能源,0.249,4.03,4.02,4.06,4.02,4.02,1180530,0.10297,4762649,45.281,0.972,462040.5168,462040.5168,电力行业
883,湖北能源,0,4.34,4.35,4.37,4.32,4.34,10188426,0.19059,44222233,14.812,1.113,2824233.077,2320072.037,电力行业
539,粤电力Ａ,0.222,4.51,4.51,4.52,4.49,4.5,1718160,0.06728,7745082,25.056,0.997,2367878.078,1151813.033,电力行业
600979,广安爱众,0.636,4.75,4.75,4.78,4.72,4.72,2969729,0.41367,14134219,19.38,1.313,450248.7694,340998.7694,电力行业
543,皖能电力,-0.207,4.83,4.84,4.86,4.75,4.84,15258731,0.85225,73337482,69,0.853,864761.2574,864761.2574,电力行业
1896,豫能控股,0.204,4.92,4.92,4.99,4.91,4.91,4406158,0.51518,21824304,9.152,0.885,566089.2207,420792.0902,电力行业
899,赣能股份,0.197,5.08,5.08,5.13,5.05,5.07,2036634,0.31494,10341165,300.592,1.109,495644.3021,328510.395,电力行业
600023,浙能电力,0,5.53,5.54,5.56,5.51,5.53,10731900,0.07891,59402878,12.022,1.264,7521181.563,7521181.563,电力行业
600642,申能股份,0,5.76,5.77,5.78,5.72,5.76,4576184,0.10053,26348682,10.647,1.03,2621974.07,2621974.07,电力行业
600509,天富能源,0.172,5.84,5.85,5.86,5.8,5.83,2795312,0.30864,16278579,16.686,1.07,672426.3699,528926.8062,电力行业
27,深圳能源,0.69,5.84,5.81,5.88,5.81,5.8,4611003,0.11631,26940067,17.176,1.041,2315263.093,2315263.093,电力行业
600098,广州发展,0,6.2,6.21,6.24,6.19,6.2,2368840,0.08689,14722347,25.265,1.061,1690241.866,1690241.866,电力行业
600864,哈投股份,2.72,6.42,6.25,6.44,6.23,6.25,6996392,0.44328,44552753,26.75,0.977,1353665.835,1013279.741,电力行业
600011,华能国际,0.733,6.87,6.85,6.91,6.69,6.82,14310197,0.13629,97481127,62.455,1.482,10442663.42,7213500,电力行业
531,穗恒运Ａ,0.289,6.94,6.98,6.98,6.9,6.92,835385,0.12194,5786759,8.291,1.227,475447.4771,475446.3833,电力行业
791,甘肃电投,1.608,6.95,6.88,6.99,6.81,6.84,8242896,0.84883,56925332,-61.559,1.223,674932.709,674909.2528,电力行业
600,建投能源,3.736,7.22,6.97,7.27,6.96,6.96,27611121,2.53303,197732614,76.809,1.212,1293554.243,787011.859,电力行业
600483,福能股份,-1.918,7.67,7.82,7.88,7.6,7.82,4591176,0.36486,35363482,14.204,1.132,1190250.215,965152.3967,电力行业
600101,明星电力,-1.839,8.54,8.74,8.74,8.45,8.7,5335303,1.64579,45949355,28.467,1.338,276848.8464,276848.8464,电力行业
722,湖南发展,0.339,8.89,8.9,8.93,8.82,8.86,1533439,0.33037,13588466,29.633,1.48,412636.7127,412634.6315,电力行业
600969,郴电国际,1.081,10.29,10.19,10.31,10.19,10.18,1563201,0.5914,16044954,27.143,0.825,271987.1054,271987.1054,电力行业
601616,广电电气,0.857,3.53,3.51,3.55,3.5,3.5,4652254,0.49726,16387531,-29.368,1.401,330257.975,330257.975,电器行业
2546,新联电子,1.046,4.83,4.78,4.88,4.73,4.78,13189375,1.68683,63376346,43.909,1.438,402845.7134,377659.4852,电器行业
2298,中电鑫龙,2.817,8.76,8.52,8.77,8.45,8.52,8157509,1.74402,70453931,36.591,1.452,616669.5382,409742.6245,电器行业
600401,*ST海润,0,0.87,0,0,0,0.87,0,0,0,-3.486,1.432,411069.3582,411069.3582,电子器件
600747,*ST大控,0.498,2.02,2,2.03,2,2.01,9009465,0.84649,18155751,-28.857,1.484,295794.3366,214994.3366,电子器件
727,华东科技,1.681,2.42,2.38,2.42,2.37,2.38,32546860,1.33255,78148805,930.769,1.017,1096155.209,591073.5389,电子器件
536,华映科技,1.247,4.06,4.02,4.06,4.02,4.01,7130008,0.35596,28815087,54.791,0.884,1123009.318,813239.8891,电子器件
600537,亿晶光电,0.48,4.19,4.17,4.23,4.15,4.17,4946931,0.42053,20714345,13.516,1.366,492894.5333,492894.5333,电子器件
601908,京运通,1.66,4.9,4.83,4.93,4.83,4.82,3193669,0.16024,15640038,37.692,1.495,977695.8735,976578.6735,电子器件
600151,航天机电,1.538,5.94,5.87,5.97,5.84,5.85,10190103,0.73379,60308513,39.312,1.47,851945.8585,824885.2618,电子器件
300139,晓程科技,3.307,6.56,6.37,6.64,6.34,6.35,6542773,3.08558,42478167,65.6,1.427,179744,139100.7728,电子器件
300256,星星科技,4.052,7.19,6.91,7.26,6.91,6.91,15377814,3.8841,110058854,71.9,1.382,466490.0343,284664.2576,电子器件
603118,共进股份,-1.968,7.97,8.08,8.08,7.8,8.13,24118505,3.10912,191019265,7.519,1.44,623108.1426,618259.4656,电子器件
300118,东方日升,1.212,11.69,11.6,11.78,11.52,11.55,3620816,0.71414,42170885,11.028,1.457,1057128.969,592705.6225,电子器件
600074,ST保千里,-0.493,2.02,2.03,2.04,2.01,2.03,24156704,2.35433,48972900,5.771,1.026,492452.9819,207262.7327,电子信息
600654,*ST中安,0.977,3.1,3.07,3.11,3.07,3.07,8563951,1.13423,26434391,14.762,1.368,397736.5075,234063.3777,电子信息
600289,ST信通,1.377,3.68,3.63,3.7,3.63,3.63,5173517,0.91417,18922900,16.502,0.743,232227.1614,208259.5477,电子信息
300079,数码科技,2.688,3.82,3.72,3.83,3.69,3.72,22707090,1.87925,85837547,22.929,1.475,526317.2553,461573.0857,电子信息
600050,中国联通,-0.173,5.77,5.83,5.83,5.75,5.78,77872759,0.40355,450000291,306.915,1.288,17444989.55,11134272.18,电子信息
600100,同方股份,2.153,10.44,10.29,10.5,10.22,10.22,33335146,1.12471,346151852,7.192,1.482,3094310.505,3094310.505,电子信息
601179,中国西电,2.457,4.17,4.07,4.17,4.07,4.07,9949287,0.1941,41069628,18.955,1.118,2137492.941,2137492.941,发电设备
2169,智光电气,2.273,4.95,4.86,4.96,4.82,4.84,6070846,0.92077,29749663,14.914,1.428,389957.037,326365.6285,发电设备
2533,金杯电工,1.573,5.81,5.72,5.82,5.72,5.72,2546864,0.49506,14718192,25.708,1.409,321363.4637,298900.2462,发电设备
600192,长城电工,0.838,6.02,5.95,6.09,5.94,5.97,9282727,2.10136,55952130,160.533,1.362,265932.296,265932.296,发电设备
601126,四方股份,2.062,6.93,6.85,6.99,6.78,6.79,4045923,0.49755,27912983,19.25,1.462,563528.196,563528.196,发电设备
300040,九洲电气,2.477,7.86,7.74,7.91,7.65,7.67,4581012,1.95616,35778364,20.154,1.46,272103.1423,184068.3253,发电设备
600089,特变电工,0.114,8.82,8.82,8.84,8.76,8.81,18089992,0.48703,159048034,12.999,1.192,3276191.46,3276023.88,发电设备
600875,东方电气,0,9.02,9.04,9.09,8.96,9.02,8735749,0.43747,78749606,31.103,0.977,2107884.132,1801204.132,发电设备
600312,平高电气,-0.11,9.06,9.07,9.14,9.03,9.07,5709446,0.4277,51810825,9.742,1.417,1229370.706,1209438.706,发电设备
616,海航投资,0,0,0,0,0,3.42,0,0,0,-11.4,1.24,489140.1734,489135.0434,房地产
979,中弘股份,-1.176,1.68,1.68,1.7,1.67,1.7,78605780,0.93702,131980629,56,1.431,1409621.001,1409338.761,房地产
667,美好置业,-1,2.97,2.99,3,2.95,3,11711700,0.46111,34763603,11.432,1.12,760198.9226,754355.7443,房地产
600162,香江控股,-0.322,3.1,3.11,3.12,3.08,3.11,10044237,0.42451,31055012,12.551,1.453,1054208.141,733476.1758,房地产
600077,宋都股份,-0.296,3.37,3.38,3.41,3.34,3.38,4683987,0.34952,15764379,28.083,1.211,451621.2239,451621.2239,房地产
600743,华远地产,-1.163,3.4,3.44,3.44,3.4,3.44,10816788,0.46105,36945349,10.625,1.139,797674.2972,797674.2972,房地产
809,*ST新城,1.479,3.43,3.4,3.45,3.38,3.38,3136700,0.3803,10745028,-11.828,0.93,282903.4135,282903.4135,房地产
600159,大龙地产,-0.862,3.45,3.46,3.48,3.43,3.48,3148995,0.3794,10865660,28.75,1.328,286351.115,286351.115,房地产
600052,浙江广厦,0,3.73,3.75,3.75,3.68,3.73,4043243,0.46379,14996139,16.955,1.408,325177.3313,325177.3313,房地产
600565,迪马股份,-0.258,3.86,3.86,3.88,3.83,3.87,18701272,0.79038,72043132,13.786,1.251,934283.0016,913318.1836,房地产
2305,南国置业,0.521,3.86,3.85,3.88,3.79,3.84,7795726,0.52336,29932443,142.435,1.498,669407.2872,574966.3676,房地产
600665,天地源,-0.24,4.15,4.16,4.16,4.12,4.16,2914445,0.33727,12072113,14.116,1.178,358610.8462,358610.8462,房地产
600246,万通地产,-1.166,4.24,4.27,4.28,4.21,4.29,3733780,0.30685,15833688,60.057,1.299,870899.944,515923.2,房地产
600175,美都能源,-2.262,4.32,4.41,4.41,4.25,4.42,26465913,1.07978,114284840,87.273,1.431,1545043.15,1058848.204,房地产
601588,北辰实业,-0.911,4.35,4.37,4.39,4.32,4.39,7076328,0.26603,30692849,12.794,1.163,1464653.7,1157100,房地产
2133,广宇集团,1.157,4.37,4.32,4.38,4.29,4.32,5091325,0.8021,22047151,21.85,1.172,338301.0045,277385.3427,房地产
600533,栖霞建设,2.268,4.51,4.41,4.57,4.36,4.41,17136180,1.63202,76879820,24.234,1.2,473550,473550,房地产
600208,新湖中宝,0,4.65,4.68,4.7,4.6,4.65,39232067,0.45628,182302035,7.045,1.289,3998694.744,3998149.943,房地产
863,三湘印象,2.345,4.8,4.73,4.87,4.72,4.69,3413300,0.37233,16360661,8.276,1.025,663241.2451,440038.7515,房地产
600823,世茂股份,-1.183,5.01,5.08,5.08,4.99,5.07,21315788,0.56824,107021842,8.492,0.864,1879335.299,1879335.299,房地产
600716,凤凰股份,-0.385,5.17,5.22,5.26,5.13,5.19,11282542,1.23954,58257044,-31.429,1.485,483943.325,470584.152,房地产
600657,信达地产,-0.933,5.31,5.37,5.38,5.29,5.36,8705411,0.57112,46379641,8.045,0.822,809382.2947,809382.2947,房地产
965,天保基建,-0.531,5.62,5.68,5.71,5.59,5.65,10844275,1.07482,61163098,13.707,1.107,567022.694,567022.694,房地产
600067,冠城大通,0.68,5.92,5.85,5.93,5.83,5.88,5934299,0.39771,34848237,14.8,1.219,883329.5492,883329.5492,房地产
600748,上实发展,0.168,5.98,6,6.03,5.96,5.97,3045680,0.21625,18254588,12.723,1.106,1103048.609,842212.5167,房地产
600510,黑牡丹,0.313,6.41,6.41,6.46,6.37,6.39,1421300,0.17866,9114557,18.314,0.91,671187.911,509930.0507,房地产
600325,华发股份,-1.542,7.66,7.7,7.74,7.6,7.78,25040061,1.30812,191591038,8.805,1.313,1622627.847,1466278.821,房地产
600376,首开股份,-0.935,8.48,8.54,8.54,8.44,8.56,3326939,0.13068,28172102,14.638,1.062,2187471.325,2158846.853,房地产
43,中航地产,1.333,9.12,9.08,9.18,8.99,9,2978518,0.44668,27014433,40.39,1.456,608268.8114,608128.1354,房地产
926,福星股份,-1.542,9.58,9.68,9.7,9.56,9.73,7958822,0.83923,76641597,15.705,0.922,930718.5301,908517.7931,房地产
402,金 融 街,-1.408,9.8,9.93,9.93,9.76,9.94,12575036,0.42088,123595929,9.703,0.991,2929151.309,2928038.116,房地产
600383,金地集团,-2.752,11.66,11.86,11.89,11.6,11.99,32549159,0.72098,381941636,8.329,1.43,5264004.445,5264004.445,房地产
600266,北京城建,-0.425,11.71,11.8,11.86,11.63,11.76,12463008,0.79532,146469294,12.591,0.955,1835003.84,1835003.84,房地产
40,东旭蓝天,-1.337,11.81,11.93,11.96,11.61,11.97,3129070,0.30869,36855464,62.158,1.402,1579201.634,1197122.768,房地产
850,华茂股份,0.475,4.23,4.2,4.23,4.18,4.21,2833610,0.30037,11926321,38.455,0.888,399170.2988,399050.7928,纺织行业
2087,新野纺织,0,5.05,5.06,5.08,5.04,5.05,4870468,0.59713,24617589,18.559,1.3,412481.1392,411900.318,纺织行业
601339,百隆东方,-0.189,5.28,5.28,5.36,5.26,5.29,2222242,0.14815,11789760,13.2,1.101,792000,792000,纺织行业
726,鲁 泰Ａ,-0.096,10.44,10.47,10.47,10.41,10.45,1630768,0.29084,17013632,12.282,1.368,963196.8127,585384.514,纺织行业
2394,联发股份,0.779,11.64,11.56,11.66,11.56,11.55,1092209,0.33741,12691181,9.541,1.267,376786.8,376786.8,纺织行业
2144,宏达高科,0.38,13.22,13.18,13.25,13.08,13.17,849412,0.61252,11199401,23.193,1.399,233680.062,183329.3349,纺织行业
2154,报 喜 鸟,0,3.02,3.01,3.04,3.01,3.02,5884514,0.55053,17796408,-9.152,1.461,381512.0724,322803.2797,服装鞋类
601718,际华集团,1.452,5.59,5.53,5.61,5.49,5.51,14663483,0.38018,81485308,17.469,1.324,2454920.837,2156063,服装鞋类
2291,星期六,-0.778,6.38,6.35,6.46,6.33,6.43,5028001,1.38379,32113740,127.6,1.371,254512.169,231817.3,服装鞋类
2574,明牌珠宝,0.877,6.9,6.86,6.93,6.81,6.84,3693872,0.6996,25376191,86.25,1.165,364320,364320,服装鞋类
600177,雅戈尔,0.713,8.47,8.44,8.48,8.39,8.41,5348792,0.14935,45131641,5.609,1.281,3033485.908,3033485.908,服装鞋类
2029,七 匹 狼,0.111,9.01,9.05,9.11,8.96,9,4117021,0.54543,37098315,25.743,1.271,680858.67,680096.8907,服装鞋类
2674,兴业科技,2.742,10.49,10.15,10.56,10.15,10.21,1382656,0.57509,14412080,70.214,1.348,316985.1542,252203.8057,服装鞋类
603001,奥康国际,0.601,13.4,13.36,13.41,13.32,13.32,1066420,0.26595,14251808,17.606,1.328,537313.2,537313.2,服装鞋类
600022,山东钢铁,0,2.02,0,0,0,2.02,0,0,0,11.49,1.293,2211203.022,2159099.848,钢铁行业
709,河钢股份,0,3.51,3.5,3.52,3.49,3.51,38906374,0.36646,136306519,23.4,0.806,3727131.356,3726531.102,钢铁行业
600808,马钢股份,-0.831,3.58,3.62,3.62,3.54,3.61,41637365,0.69771,148939902,6.677,1.154,2756843.865,2136454.925,钢铁行业
600496,精工钢构,1.408,3.6,3.58,3.74,3.56,3.55,16710031,1.1063,60863624,49.655,1.428,543760.272,543760.272,钢铁行业
600569,安阳钢铁,-0.501,3.97,3.98,4,3.92,3.99,36071549,1.50695,142631023,5.934,1.473,950292.7421,950292.7421,钢铁行业
2487,大金重工,1.149,4.4,4.37,4.43,4.37,4.35,1459706,0.27032,6439322,33.846,1.383,242968,237600,钢铁行业
761,本钢板材,-0.223,4.47,4.49,4.5,4.43,4.48,10311099,0.37687,45984302,17.952,0.997,1732291.075,1222992,钢铁行业
778,新兴铸管,0.407,4.93,4.93,4.97,4.89,4.91,21190502,0.58168,104401485,40.811,0.997,1967503.927,1796001.611,钢铁行业
959,首钢股份,0,4.94,4.98,5.02,4.92,4.94,8191986,0.27615,40633613,11.821,1.022,2612958.462,1465463.872,钢铁行业
2478,常宝股份,0.601,5.02,4.99,5.08,4.98,4.99,1934109,0.31733,9749290,18.593,1.49,495671.5666,305965.5086,钢铁行业
825,太钢不锈,-0.692,5.74,5.71,5.81,5.66,5.78,74418632,1.30649,425821820,28.557,1.335,3269646.235,3269546.505,钢铁行业
655,金岭矿业,-1.877,5.75,5.84,5.86,5.71,5.86,8216247,1.38009,47407177,-6.085,1.265,342320.6323,342320.6323,钢铁行业
898,鞍钢股份,-1.32,5.98,6.07,6.08,5.95,6.06,32257564,0.5246,193276108,7.716,0.865,4326415.093,3677097.282,钢铁行业
600126,杭钢股份,5.663,6.53,6.24,6.67,6.15,6.18,14373792,1.55059,92812315,20.406,1.064,1696388.055,605321.8456,钢铁行业
600019,宝钢股份,-1.389,8.52,8.65,8.68,8.4,8.64,80508422,0.36446,684816280,15.491,1.199,18972263.69,18820446.74,钢铁行业
708,大冶特钢,0.098,10.26,10.18,10.26,10.16,10.25,2533206,0.56368,25878735,11.672,1.145,461093.1005,461093.1005,钢铁行业
2541,鸿路钢构,0.657,13.78,14.25,14.25,13.75,13.69,3060448,1.23658,42774817,28.122,1.204,481123.053,341045.0467,钢铁行业
900,现代投资,0,0,0,0,0,6.25,0,0,0,7.697,1.137,948642.7088,947214.5513,公路桥梁
601518,吉林高速,0.302,3.32,3.33,3.33,3.31,3.31,3097733,0.25534,10281605,13.833,1.392,402782.4,402782.4,公路桥梁
600033,福建高速,0,3.49,3.49,3.51,3.47,3.49,3687116,0.13435,12856720,14.268,1.111,957795.6,957795.6,公路桥梁
601107,四川成渝,-0.754,3.95,3.96,3.97,3.93,3.98,4087100,0.18898,16142163,13.597,0.869,1207933.7,854282.3,公路桥梁
601188,龙江交通,0.754,4.01,4,4.02,3.97,3.98,2014898,0.15312,8050145,18.252,1.336,527667.307,527667.307,公路桥梁
600106,重庆路桥,0.496,4.05,4.03,4.06,4.03,4.03,3011686,0.30162,12197136,12.273,1.136,404399.061,404399.061,公路桥梁
600035,楚天高速,-0.236,4.23,4.24,4.26,4.21,4.24,3654406,0.24503,15462884,15.667,1.237,732126.6754,630860.1163,公路桥梁
600020,中原高速,0.211,4.76,4.75,4.79,4.74,4.75,7800798,0.34711,37182130,22.775,1.109,1069748.992,1069748.992,公路桥梁
600269,赣粤高速,-0.414,4.81,4.83,4.85,4.8,4.83,9901100,0.42396,47742120,11.452,0.769,1123330.774,1123330.774,公路桥梁
600368,五洲交通,-2.416,5.25,5.34,5.35,5.17,5.38,17895299,2.14623,94019513,11.905,1.338,437745.8043,437745.8043,公路桥梁
600350,山东高速,0,5.77,5.79,5.8,5.75,5.77,5616519,0.11674,32410800,8.988,1.042,2776042.699,2776042.699,公路桥梁
600548,深高速,0,8.39,8.39,8.41,8.36,8.39,1093949,0.07633,9170870,12.829,1.344,1829666.304,1202513.804,公路桥梁
600982,宁波热电,0.771,3.92,3.91,3.93,3.88,3.89,2171115,0.29067,8471063,30.506,1.168,292796.56,292796.56,供水供气
600758,红阳能源,0.322,6.23,6.22,6.25,6.2,6.21,3883600,0.57421,24174492,47.923,1.468,829467.7665,421360.7115,供水供气
2267,陕天然气,0.289,6.95,6.96,6.97,6.93,6.93,1859755,0.16723,12928032,15.198,1.415,772892.4343,772892.4343,供水供气
600168,武汉控股,0.52,7.73,7.71,7.75,7.67,7.69,2368114,0.33374,18269452,16.804,1.14,548497.3719,548497.3719,供水供气
600649,城投控股,-0.25,7.99,8.05,8.07,7.96,8.01,6003269,0.24799,48053014,12.106,1.06,2021130.932,1934212.985,供水供气
685,中山公用,0,10.05,10.09,10.15,10.02,10.05,3649067,0.29117,36755959,15.462,1.245,1482486.908,1259496.058,供水供气
669,金鸿控股,3.819,11.69,11.37,11.9,11.26,11.26,5919474,1.25795,68935878,29.814,1.393,568141.346,550091.9042,供水供气
683,远兴能源,0,2.7,2.7,2.71,2.69,2.7,13920490,0.4914,37515553,15,1.216,1071136.708,764858.1176,化工行业
600339,中油工程,0,4.08,4.08,4.09,4.06,4.08,10304178,0.66385,42002985,14.608,0.997,2277924.168,633289.7101,化工行业
300214,日科化学,2.048,5.48,5.39,5.5,5.39,5.37,3687800,1.21025,20099264,27.4,1.485,233345.3125,166983.7011,化工行业
600277,亿利洁能,1.842,5.53,5.43,5.56,5.43,5.43,8460551,0.3164,46561071,46.083,1.07,1514633.902,1478724.812,化工行业
698,沈阳化工,-1.599,5.54,5.56,5.57,5.47,5.63,12315091,2.84839,67892578,20.519,1.042,454010.9748,239523.4556,化工行业
2386,天原集团,3.812,7.08,7.08,7.36,7.08,6.82,17068488,2.54146,122437008,86.236,1.151,475549.3026,475494.6904,化工行业
2377,国创高新,-0.139,7.17,7.18,7.25,7.12,7.18,4372929,1.01256,31340365,717,1.374,657005.1691,309649.3739,化工行业
2096,南岭民爆,1.678,7.27,7.22,7.27,7.16,7.15,1158050,0.31227,8368663,80.778,1.326,269925.649,269609.404,化工行业
600155,宝硕股份,0.421,9.55,9.52,9.64,9.41,9.51,8773166,0.7776,83777357,-43.409,1.101,1661276.599,1077471.294,化工行业
635,英 力 特,0.31,12.94,12.91,13.05,12.8,12.9,2216909,0.73144,28666587,41.742,1.314,392195.357,392195.357,化工行业
600141,兴发集团,1.818,15.12,14.95,15.2,14.76,14.85,5771875,1.15271,86420090,87.298,1.499,916247.8428,757089.9494,化工行业
990,诚志股份,0.394,15.28,15.31,15.36,15.2,15.22,1688828,0.43563,25787774,23.69,1.204,1914602.212,592370.9404,化工行业
600063,皖维高新,0.917,3.3,3.27,3.31,3.26,3.27,5090880,0.3349,16750177,47.143,1.248,635545.2484,501637.3824,化纤行业
949,新乡化纤,-1.504,3.93,3.99,4.01,3.92,3.99,3605109,0.29545,14278097,163.071,1.388,494258.8273,479546.3696,化纤行业
600889,南京化纤,-0.575,6.92,6.86,7.01,6.86,6.96,3052230,0.99399,21121570,-7.011,1.406,212491.9445,212491.9445,化纤行业
936,华西股份,2.929,7.73,7.56,7.84,7.46,7.51,33702967,4.50667,258844370,35.136,1.443,684887.9617,578085.8384,化纤行业
600292,远达环保,0.81,7.47,7.47,7.48,7.39,7.41,4467101,0.57211,33224032,53.357,1.196,583270.2168,583270.2168,环保行业
300190,维尔利,4.463,11,10.54,11.07,10.54,10.53,7496649,1.89161,81788909,45.833,1.39,497513.3966,435942.2562,环保行业
601268,*ST二重,0,0,0,0,0,0,0,0,0,0,0,0,0,机械行业
300185,通裕重工,0.45,2.23,2.22,2.24,2.21,2.22,21025300,0.76695,46829305,31.857,1.436,728706.8959,611338.8186,机械行业
903,云内动力,0.974,3.11,3.08,3.11,3.07,3.08,6887272,0.39566,21315470,11.107,1.195,612919.0665,541361.3511,机械行业
601218,吉鑫科技,-0.311,3.21,3.22,3.24,3.2,3.22,3607601,0.36376,11599687,27.111,1.24,318354.96,318354.96,机械行业
425,徐工机械,-0.51,3.9,3.92,3.93,3.86,3.92,57360030,0.82018,223431090,130,1.293,2733013.785,2727490.612,机械行业
2204,大连重工,-1.429,4.14,4.18,4.24,4.14,4.2,8720716,0.45153,36314699,414,1.216,799587.1932,799587.1932,机械行业
157,中联重科,0,4.21,4.24,4.25,4.2,4.21,15206568,0.24425,64195849,24.765,0.86,3281294.24,2621060.563,机械行业
600582,天地科技,1.667,4.27,4.22,4.33,4.18,4.2,14733667,0.35601,62390750,18.728,1.231,1767177.457,1767177.457,机械行业
2535,林州重机,1.865,4.37,4.33,4.42,4.29,4.29,5980756,1.11586,26044003,218.5,1.175,350335.5033,234221.1912,机械行业
2483,润邦股份,1.044,4.84,4.81,4.86,4.77,4.79,2390115,0.41583,11523159,24.2,1.325,325464.7158,278194.6753,机械行业
570,苏常柴Ａ,0.775,5.2,5.15,5.22,5.13,5.16,2005840,0.48759,10408327,47.273,1.265,291914.6495,213914.6495,机械行业
530,大冷股份,1.748,5.24,5.19,5.29,5.12,5.15,13648029,2.29981,71167624,16.903,1.326,448496.306,310963.4644,机械行业
837,秦川机床,2.878,5.72,5.51,5.83,5.45,5.56,15525580,2.6648,87375030,241.35,1.403,396608.1605,333256.6243,机械行业
404,华意压缩,1.404,5.78,5.71,5.78,5.66,5.7,7136836,1.0293,40770248,12.822,1.269,402285.6759,400767.2491,机械行业
600984,建设机械,0,6.41,6.44,6.44,6.38,6.41,2658323,0.49335,17027932,49.651,1.244,408165.8541,345389.2954,机械行业
601717,郑煤机,0.623,6.46,6.4,6.48,6.4,6.42,6373873,0.42976,41084427,38.683,1.03,1119176.505,958099.0207,机械行业
2328,新朋股份,1.716,6.52,6.4,6.53,6.39,6.41,3538169,1.08804,22884997,31.048,1.229,292161.2,212022.7123,机械行业
600218,全柴动力,-1.796,6.56,6.59,6.63,6.48,6.68,6064227,1.64451,39705611,38.588,1.261,241903.28,241903.28,机械行业
601038,一拖股份,1.022,6.92,6.85,6.94,6.82,6.85,3980849,0.67028,27411232,120.979,1.415,682208.2,410985.72,机械行业
2026,山东威达,0.974,7.26,7.19,7.28,7.19,7.19,7365303,2.03067,53275142,27.923,1.31,304991.4522,263322.1943,机械行业
528,柳 工,4.706,8.9,8.55,8.96,8.55,8.5,42442708,3.77241,374877535,203.196,1.105,1001465.501,1001323.479,机械行业
2101,广东鸿图,1.227,17.33,17.29,17.33,17.11,17.12,2678510,1.07999,46107363,25.116,1.435,614726.1398,429807.1338,机械行业
2005,德豪润达,0,0,0,0,0,4.36,0,0,0,192.07,1.17,769417.92,552150.4,家电行业
600839,四川长虹,0,3.13,3.13,3.15,3.09,3.13,21208549,0.45963,66160643,26.04,1.141,1444884.441,1444272.942,家电行业
521,美菱电器,1.636,4.35,4.29,4.44,4.24,4.28,6077254,0.75763,26129524,139.871,0.883,454400.0782,348932.0802,家电行业
600854,春兰股份,1.055,4.79,4.74,4.81,4.74,4.74,3707971,0.71381,17688689,205.579,1.252,248820.6397,248820.6397,家电行业
603366,日出东方,-1.525,5.81,5.91,5.92,5.8,5.9,7358572,0.91982,42886559,19.062,1.251,464800,464800,家电行业
600983,惠而浦,1.58,6.43,6.29,6.47,6.29,6.33,1456800,0.27342,9283496,13.122,1.252,492820.277,342590.4,家电行业
600060,海信电器,0.129,15.47,15.54,15.7,15.37,15.45,9826836,0.75101,152675774,21.486,1.485,2024220.45,2024220.45,家电行业
600978,宜华生活,-0.627,7.93,7.98,8.03,7.92,7.98,4592257,0.30969,36613581,16.521,1.477,1175915.913,1175915.913,家具行业
300080,易成新能,0,0,0,0,0,5.83,0,0,0,142.543,1.002,293134.7442,292676.1821,建筑建材
2060,粤 水 电,0.585,3.44,3.42,3.46,3.42,3.42,4400270,0.36617,15152406,26.16,1.442,413578.148,413383.2544,建筑建材
600170,上海建工,-0.267,3.74,3.74,3.75,3.72,3.75,19329175,0.22775,72118741,13.357,1.386,3330244.75,3174104.313,建筑建材
601618,中国中冶,0.796,3.8,3.78,3.8,3.76,3.77,21342877,0.11955,80794334,14.615,1.255,7874975.285,6783995.285,建筑建材
600039,四川路桥,-0.262,3.8,3.81,3.83,3.79,3.81,5066532,0.16778,19250024,10.986,1.12,1371999.694,1147498.415,建筑建材
600512,腾达建设,0,3.83,0,0,0,3.83,0,0,0,54.714,1.298,612379.7847,588823.9759,建筑建材
2671,龙泉股份,4.23,6.16,5.93,6.21,5.91,5.91,4507817,1.35267,27506273,88,1.448,291024.256,205284.0815,建筑建材
600502,安徽水利,0,6.5,6.51,6.55,6.48,6.5,7841793,1.03325,51028193,10.833,1.491,932295.1476,493312.0959,建筑建材
601669,中国电建,0,6.71,6.71,6.75,6.69,6.71,5870307,0.06115,39406037,14.234,1.438,10265652.5,6441600,建筑建材
2375,亚厦股份,1.794,6.81,6.73,6.84,6.7,6.69,5184180,0.44268,35263610,28.375,1.23,912537.6151,797503.5405,建筑建材
619,海螺型材,1.125,7.19,7.13,7.19,6.99,7.11,2920633,0.81129,20649388,286.454,1.06,258840,258840,建筑建材
600820,隧道股份,0,7.24,7.24,7.27,7.22,7.24,6063497,0.19285,43890674,13.66,1.229,2276325.572,2276325.572,建筑建材
601390,中国中铁,-0.136,7.37,7.39,7.43,7.37,7.38,12794113,0.06981,94513600,11.016,1.216,16836250.24,13507759.02,建筑建材
601117,中国化学,1.236,7.37,7.25,7.37,7.23,7.28,21992182,0.44582,160283961,20.472,1.288,3635621,3635621,建筑建材
601668,中国建筑,-1.254,8.66,8.76,8.77,8.66,8.77,89345957,0.30051,776261856,9.021,1.366,25980000,25747655.07,建筑建材
601886,江河集团,0.344,8.76,8.69,8.78,8.69,8.73,2013898,0.17451,17570564,21.9,1.467,1010947.8,1010947.8,建筑建材
600284,浦东建设,-0.324,9.22,9.26,9.28,9.16,9.25,3644284,0.52584,33543351,17.208,1.157,638982.88,638982.88,建筑建材
601186,中国铁建,0.411,9.78,9.8,9.88,9.77,9.74,21098589,0.18341,206946209,8.431,1.013,13280791.59,11250174.1,建筑建材
601800,中国交建,-0.465,12.85,12.95,12.95,12.8,12.91,8584831,0.07308,110498018,10.62,1.349,20784535.02,15095197.52,建筑建材
600087,退市长油,0,0,0,0,0,0,0,0,0,0,0,0,0,交通运输
600221,海航控股,0,3.25,0,0,0,3.25,0,0,0,17.857,1.042,5461989.107,5341700.887,交通运输
600017,日照港,0,3.68,3.7,3.7,3.66,3.68,10251010,0.3333,37752708,30.667,1.064,1131840.631,1131840.631,交通运输
601872,招商轮船,0.27,3.72,3.72,3.75,3.7,3.71,5481792,0.11612,20435777,31,1.296,1971398.418,1756182.913,交通运输
600190,锦州港,-0.262,3.81,3.83,3.85,3.78,3.82,2808155,0.15781,10696292,53.287,1.267,762873.0615,677983.6059,交通运输
601008,连云港,0.472,4.26,4.24,4.28,4.23,4.24,4216660,0.41535,17941758,426,1.352,432481.633,432481.633,交通运输
601333,广深铁路,0.218,4.59,4.57,4.64,4.57,4.58,31942800,0.56514,147197564,32.786,1.133,3251343.483,2594376.783,交通运输
600428,中远海特,0.423,4.75,4.77,4.77,4.71,4.73,6094621,0.36053,28902154,197.917,1.085,1019659.116,802962.0367,交通运输
600611,大众交通,0,4.86,4.87,4.88,4.83,4.86,7028390,0.44958,34113996,13.167,1.222,1148963.712,759771.7529,交通运输
421,南京公用,0.373,5.38,5.38,5.42,5.36,5.36,1989064,0.34735,10701240,20.74,1.244,308084.0505,308084.0505,交通运输
600026,中远海能,0.559,5.4,5.38,5.41,5.35,5.37,5751744,0.21022,30985244,12.326,0.78,2177297.745,1477457.745,交通运输
600279,重庆港九,0.85,5.93,5.9,5.96,5.9,5.88,5161140,0.7448,30609007,8.471,1.124,410924.4332,410924.4332,交通运输
600751,天海投资,0,6.49,0,0,0,6.49,0,0,0,58.521,1.472,1881670.221,1669999.695,交通运输
600708,光明地产,-0.892,6.67,6.72,6.76,6.65,6.73,7498231,0.75825,50127234,8.7,1.24,1143462.083,659589.8214,交通运输
600057,象屿股份,0.623,8.07,8.04,8.15,7.96,8.02,4215902,0.2919,33877802,22.417,1.349,1176395.572,1165539.07,交通运输
601006,大秦铁路,-0.241,8.28,8.31,8.33,8.18,8.3,26754216,0.17996,220608008,17.25,1.264,12309703.35,12309703.35,交通运输
600561,江西长运,1.096,8.3,8.27,8.3,8.2,8.21,2327239,0.98169,19226964,-20.244,1.397,196763.12,196763.12,交通运输
600894,广日股份,2.326,8.8,8.62,8.86,8.62,8.6,3096492,0.36008,27191968,7.084,1.111,756753.2676,756753.2676,交通运输
600717,天津港,0.309,9.74,9.74,9.81,9.71,9.71,5149944,0.3075,50181558,19.878,1.04,1631225.123,1631225.123,交通运输
2682,龙洲股份,1.026,9.85,9.78,9.93,9.71,9.75,1730362,0.65581,17009249,51.842,1.392,369288.7101,259892.2746,交通运输
415,渤海金控,0,0,0,0,0,5.84,0,0,0,15.784,1.156,3611760.429,1819502.112,金融行业
601288,农业银行,-1.263,3.91,3.95,3.98,3.9,3.96,296604016,0.10087,1166737444,6.741,0.942,126994499.7,114975619.9,金融行业
601988,中国银行,-1.504,3.93,3.99,3.99,3.91,3.99,314510866,0.14922,1238838004,7.018,0.829,115694402,82830847.33,金融行业
601818,光大银行,-0.488,4.08,4.11,4.12,4.07,4.1,66547581,0.16716,272025316,6.375,0.779,21415587.82,16242663.74,金融行业
750,国海证券,0.694,4.35,4.33,4.36,4.31,4.32,10175818,0.24139,44132022,18.125,1.316,1833760.758,1833759.29,金融行业
600369,西南证券,0.23,4.36,4.34,4.37,4.33,4.35,7453437,0.13203,32396117,27.25,1.268,2461267.578,2461267.578,金融行业
601398,工商银行,0,6.09,6.1,6.15,6.06,6.09,236558957,0.08774,1443446371,7.709,1.063,217051410.6,164193837.4,金融行业
601328,交通银行,-1.278,6.18,6.27,6.28,6.15,6.26,105894175,0.26979,658387678,6.791,0.751,45894365.07,24257033.96,金融行业
601901,方正证券,-0.482,6.2,6.23,6.26,6.17,6.23,9612800,0.11677,59674290,20,1.372,5103902.865,5103902.865,金融行业
601998,中信银行,-0.616,6.45,6.48,6.49,6.42,6.49,21465804,0.06728,138574975,7.679,0.789,31562943.79,20578830.82,金融行业
601377,兴业证券,0.305,6.58,6.58,6.62,6.54,6.56,14172583,0.21381,93210541,21.357,1.325,4406409.961,4361665.802,金融行业
601169,北京银行,-0.722,6.88,6.93,6.96,6.87,6.93,19860592,0.10884,137012643,5.931,0.824,14546373.18,12554631.45,金融行业
601939,建设银行,1.043,7.75,7.68,7.86,7.66,7.67,137231642,1.43044,1064196031,8.073,1.13,193758507.6,7435084.645,金融行业
686,东北证券,0.255,7.86,7.89,7.92,7.83,7.84,9971770,0.42606,78476074,28.071,1.165,1839595.991,1839595.991,金融行业
600016,民生银行,-1.114,7.99,8.02,8.07,7.98,8.08,64072961,0.21682,513950988,6.099,0.808,29151793.65,23611863.71,金融行业
601009,南京银行,-0.729,8.17,8.18,8.22,8.15,8.23,38865870,0.48164,317766135,6.143,1.049,6929963.874,6592784.123,金融行业
601555,东吴证券,0.61,8.25,8.22,8.28,8.17,8.2,9826875,0.33991,80884990,31.731,1.189,2475000,2385075,金融行业
600109,国金证券,2.306,8.43,8.33,8.45,8.27,8.24,28187766,0.93202,236320715,21.234,1.353,2549534.898,2549534.898,金融行业
600015,华夏银行,-0.558,8.91,8.96,8.96,8.89,8.96,12874639,0.10041,114784185,4.842,0.798,11425013.81,11425013.81,金融行业
728,国元证券,0.219,9.16,9.15,9.21,9.12,9.14,12942496,0.4393,118547617,22.9,1.215,3082749.495,2698673.4,金融行业
1,平安银行,-1.357,10.9,11.04,11.05,10.88,11.05,75217368,0.4446,823438181,8.385,0.926,18715748.39,18440601.88,金融行业
600837,海通证券,0.789,11.49,11.44,11.55,11.41,11.4,31478828,0.38901,361233914,15.32,1.122,13215453.3,9297858.726,金融行业
600000,浦发银行,0.258,11.65,11.63,11.69,11.61,11.62,23271965,0.08281,270987701,4.846,0.883,34195173.66,32740884.94,金融行业
601788,光大证券,0.489,12.32,12.26,12.34,12.2,12.26,9674522,0.24764,118713879,18.832,1.169,5680490.371,4813052.97,金融行业
776,广发证券,0.611,16.48,16.48,16.67,16.4,16.38,23523229,0.3974,388289430,14.584,1.48,12559552.47,9754992.333,金融行业
601166,兴业银行,-1.301,16.69,16.9,16.95,16.68,16.91,63480995,0.33319,1065524258,6.025,0.907,34672124.36,31798350.04,金融行业
601688,华泰证券,0.642,17.24,17.16,17.39,17.09,17.13,36240435,0.66573,623455289,13.312,1.414,12348613.41,9384978.659,金融行业
2306,*ST云网,0.872,3.47,3.45,3.5,3.42,3.44,2808007,0.35135,9722729,-49.571,-191.713,277600,277323.1114,酒店旅游
428,华天酒店,0.775,3.9,3.87,3.92,3.81,3.87,3387100,0.47127,13055007,-13.929,1.443,397381.14,280301.4825,酒店旅游
69,华侨城Ａ,-1.317,8.24,8.31,8.34,8.2,8.35,33313397,0.5419,274980865,9.815,1.409,6760163.086,5065508.761,酒店旅游
600736,苏州高新,0.452,6.67,6.62,6.7,6.62,6.64,5357698,0.47041,35722756,13.896,1.326,796593.3856,759680.2203,开发区
600658,电子城,0.529,9.5,9.5,9.66,9.45,9.45,3901773,0.48834,37153708,14.844,1.255,759039.8521,759039.8521,开发区
600064,南京高科,0.142,14.14,14.15,14.2,14.05,14.12,4146017,0.53672,58512728,11.543,1.079,1092276.9,1092276.9,开发区
552,靖远煤电,0,3.48,3.49,3.5,3.45,3.48,8724166,0.56016,30317468,14.41,1.159,795865.9254,541988.6766,煤炭行业
600792,云煤能源,-0.767,3.88,3.9,3.93,3.84,3.91,4317500,0.43614,16732826,77.6,1.336,384090.3568,384090.3568,煤炭行业
780,*ST平能,0.407,4.93,4.92,4.95,4.91,4.91,2197331,0.21663,10818668,-15.406,1.144,500053.0177,500053.0177,煤炭行业
601898,中煤能源,-0.39,5.11,5.14,5.14,5.08,5.13,7977881,0.08717,40722767,28.389,0.761,6775176.997,4676672.204,煤炭行业
937,冀中能源,-0.389,5.12,5.14,5.17,5.09,5.14,12635284,0.43471,64608240,74.203,0.933,1809175.987,1488179.119,煤炭行业
601666,平煤股份,0.38,5.29,5.3,5.31,5.24,5.27,23524840,0.99632,123941391,16.583,1.016,1249056.275,1249056.275,煤炭行业
600997,开滦股份,-0.188,5.32,5.33,5.35,5.28,5.33,6790892,0.55003,36054143,16.121,0.908,844709.5207,656828.48,煤炭行业
601101,昊华能源,-0.147,6.8,6.83,6.86,6.76,6.81,6398916,0.53324,43551234,-680,1.123,815998.825,815998.825,煤炭行业
600348,阳泉煤业,-0.552,7.21,7.25,7.28,7.14,7.25,39537712,1.64398,284794055,40.056,1.151,1734005,1734005,煤炭行业
600123,兰花科创,-0.129,7.73,7.73,7.76,7.65,7.74,9735148,0.85217,74909014,-13.378,0.936,883075.2,883075.2,煤炭行业
983,西山煤电,-0.508,7.84,7.89,7.92,7.72,7.88,26102636,0.82834,204119578,56.935,1.359,2470540.8,2470538.965,煤炭行业
600971,恒源煤电,-0.35,8.54,8.59,8.63,8.48,8.57,14193223,1.41932,121183808,7.764,1.235,854003.4758,854003.4758,煤炭行业
600508,上海能源,0.278,10.84,10.82,10.87,10.75,10.81,3057325,0.42303,33032483,15.056,0.875,783426.312,783426.312,煤炭行业
600188,兖州煤业,2.227,13.77,13.41,13.84,13.33,13.47,34530170,1.16661,468067382,9.99,1.48,6763846.032,4075740.302,煤炭行业
601088,中国神华,-1.325,20.85,21,21.13,20.75,21.13,21167114,0.12836,442460335,9.209,1.375,41469858.65,34383814.14,煤炭行业
601777,力帆股份,0.164,6.1,6.08,6.15,6.08,6.09,4159631,0.33637,25426708,87.143,1.106,797172.0212,754346.3612,摩托车
995,皇台酒业,1.403,7.95,7.84,8.01,7.77,7.84,1868762,1.05338,14842781,-11.197,-62.747,141039.36,141037.3328,酿酒行业
2461,珠江啤酒,-0.096,10.39,10.35,10.48,10.33,10.4,5103122,0.75028,53109136,57.722,1.447,1149824.145,706684.96,酿酒行业
600467,好当家,0,2.8,2.81,2.82,2.78,2.8,7773211,0.53205,21717654,93.333,1.368,409078.4051,409078.4051,农林牧渔
876,新 希 望,0.275,7.28,7.26,7.29,7.25,7.26,10054693,0.24136,73144651,12.339,1.489,3069258.927,3032783.03,农林牧渔
422,湖北宜化,-0.322,3.1,3.1,3.14,3.08,3.11,8009058,0.89206,24878102,-2.166,0.787,278338.6807,278322.025,农药化肥
600470,六国化工,1.521,5.34,5.28,5.36,5.26,5.26,5293871,1.01493,28147668,-22.25,1.381,278534.4,278534.4,农药化肥
2004,华邦健康,1.082,6.54,6.49,6.55,6.45,6.47,9386850,0.56238,60978817,23.357,1.368,1330777.306,1091617.022,农药化肥
2513,蓝丰生化,1.493,9.52,9.39,9.55,9.39,9.38,1392877,0.5475,13212289,29.75,1.251,323762.1367,242195.721,农药化肥
900930,*ST沪普B,0.244,0.41,0.403,0.413,0.402,0.409,199600,0.15994,81100,-0.332,0.252,15671.23882,5116.8,其它行业
900951,*ST大化B,0.834,0.725,0.727,0.727,0.712,0.719,123400,0.1234,89172,-2.266,1.037,19937.5,7250,其它行业
601258,庞大集团,-0.427,2.33,2.34,2.34,2.31,2.34,60179154,0.92038,140019595,38.833,1.154,1555196.573,1523465.468,汽车制造
600166,福田汽车,0.398,2.52,2.52,2.53,2.5,2.51,20886088,0.31313,52490514,31.5,0.884,1680873.085,1680873.085,汽车制造
572,海马汽车,3.061,4.04,3.93,4.06,3.92,3.92,12358777,0.7526,49423257,28.857,0.893,664433.1161,663429.1955,汽车制造
589,黔轮胎Ａ,0.721,4.19,4.17,4.23,4.16,4.16,2484063,0.32036,10420969,213.776,0.912,324919.5434,324895.6403,汽车制造
600469,风神股份,1.245,4.88,4.83,4.93,4.81,4.82,3117528,0.55431,15176398,32.533,1.251,274457.6523,274457.6523,汽车制造
700,模塑科技,0.202,4.96,4.97,5,4.94,4.95,3340402,0.47899,16609667,19.077,1.196,410280.6426,345902.4149,汽车制造
600375,华菱星马,1.761,5.2,5.11,5.23,5.11,5.11,5183983,0.93281,26815520,37.143,1.064,288985.1104,288985.1104,汽车制造
600609,金杯汽车,1.161,5.23,5.16,5.26,5.15,5.17,4528957,0.41449,23584286,-27.526,-13.274,571464.91,571464.91,汽车制造
599,青岛双星,1.533,5.96,5.87,6.02,5.87,5.87,3892954,0.61994,23130043,42.571,1.47,498034.0788,374262.577,汽车制造
600676,交运股份,-0.639,6.22,6.22,6.29,6.17,6.26,6812407,0.70812,42396947,14.465,1.137,639722.6112,598392.1984,汽车制造
2363,隆基机械,1.538,7.26,7.17,7.28,7.15,7.15,2041444,0.52951,14751301,45.375,1.47,302088.8185,279895.9162,汽车制造
600418,江淮汽车,1.047,7.72,7.63,7.74,7.63,7.64,6648474,0.45933,51132041,33.565,1.054,1461636.954,1117421.541,汽车制造
600623,华谊集团,0.102,9.84,9.93,9.97,9.79,9.83,8957200,0.95948,88326190,33.931,1.252,2083552.018,918609.1932,汽车制造
625,长安汽车,0.538,11.22,11.14,11.26,11.14,11.16,8790927,0.23375,98560420,5.123,1.163,5388571.629,4219708.556,汽车制造
550,江铃汽车,-0.93,14.92,15,15.14,14.9,15.06,4371702,0.84346,65516379,18.65,1.024,1287915.288,773314.2603,汽车制造
600742,一汽富维,-1.764,15.59,15.9,15.96,15.53,15.87,6953385,1.64364,109063879,14.045,1.447,659529.9612,659529.9612,汽车制造
564,供销大集,0,0,0,0,0,4.78,0,0,0,41.385,0.952,2871741.894,902619.8395,商业百货
882,华联股份,-1.238,3.19,3.24,3.26,3.16,3.23,27143584,1.21934,86767290,61.228,1.122,873215.2711,710120.3169,商业百货
591,太阳能,0.636,4.75,4.72,4.77,4.71,4.72,5928465,0.32069,28119698,17.724,1.199,1428371.565,878120.6089,商业百货
2277,友阿股份,1.818,5.04,5.01,5.04,4.98,4.95,7860598,0.55489,39412561,10.735,1.385,713969.0208,713969.0208,商业百货
600361,华联综超,4.192,5.22,4.99,5.27,4.99,5.01,13570202,2.03816,70311647,-13.385,1.289,347551.7332,347551.7332,商业百货
600790,轻纺城,0.893,5.65,5.61,5.68,5.59,5.6,6925312,0.66145,39070593,15.694,1.202,591551.3388,591551.3388,商业百货
2344,海宁皮城,0.651,6.18,6.15,6.2,6.13,6.14,7058531,0.55534,43525103,12.612,1.088,792736.4384,785492.2739,商业百货
600891,秋林集团,0.322,6.24,6.22,6.26,6.19,6.22,2134697,0.55583,13303461,18.909,1.289,385373.5411,239650.3518,商业百货
600327,大东方,1.611,6.94,6.85,6.96,6.85,6.83,1872995,0.33024,12926825,18.263,1.356,393613.4518,393613.4518,商业百货
600858,银座股份,0.141,7.08,7.09,7.12,7.05,7.07,1697160,0.32792,12012668,74.921,1.22,368207.145,366424.0045,商业百货
603123,翠微股份,0.565,7.12,7.08,7.16,7.06,7.08,1138167,0.21715,8084782,33.905,1.261,373190.6861,373190.6861,商业百货
600723,首商股份,0.632,7.96,7.94,8,7.91,7.91,2096703,0.31861,16696758,14.713,1.402,524092.413,523823.365,商业百货
2441,众业达,1.474,8.95,8.88,8.97,8.8,8.82,2747623,0.70125,24416517,33.148,1.356,487556.5386,350679.3726,商业百货
600861,北京城乡,0.787,8.96,8.88,9.05,8.85,8.89,1777889,0.56119,15982936,31.989,1.23,283857.2343,283857.2343,商业百货
600122,宏图高科,0.223,8.99,8.97,9.1,8.94,8.97,22287176,1.92509,200491788,23.039,1.198,1040788.797,1040788.797,商业百货
600628,新世界,-0.107,9.34,9.35,9.38,9.32,9.35,2143300,0.40303,20017410,20.756,1.399,604181.6087,496700.5182,商业百货
2187,广百股份,0.619,9.75,9.7,9.76,9.68,9.69,1355822,0.39595,13185056,21.196,1.276,333862.0038,333862.0038,商业百货
600655,豫园股份,0.881,10.3,10.19,10.35,10.16,10.21,5381702,0.37443,55390461,21.15,1.336,1480441.635,1480441.635,商业百货
600827,百联股份,-0.092,10.89,10.94,10.97,10.87,10.9,3849593,0.24952,41994608,21.353,1.157,1942959.079,1680084.757,商业百货
600515,海航基础,0,11.16,0,0,0,11.16,0,0,0,18.295,1.355,4360873.185,1850657.628,商业百货
600694,大商股份,0.058,34.35,34.4,34.58,33.97,34.33,1044887,0.35574,35954247,14.372,1.408,1008923.573,1008923.573,商业百货
600812,华北制药,-1.089,4.54,4.59,4.59,4.53,4.59,4082205,0.25032,18599031,137.576,1.395,740385.347,740385.347,生物制药
2433,太安堂,2.41,8.5,8.33,8.56,8.29,8.3,11581838,1.67486,97548307,26.563,1.357,653611.75,587783.5,生物制药
300158,振东制药,1.929,15.32,15.04,15.35,15.01,15.03,9906391,2.423,150977981,27.564,1.449,795865.3136,626354.5355,生物制药
623,吉林敖东,0.635,20.6,20.5,20.69,20.5,20.47,6480902,0.5917,133548445,10.899,1.197,2395306.122,2256323.681,生物制药
159,国际实业,0.441,4.56,4.56,4.59,4.53,4.54,2778473,0.57748,12672303,-33.091,1.053,219399.5181,219399.5181,石油行业
600583,海油工程,0.162,6.18,6.22,6.24,6.16,6.17,9489728,0.21463,58696674,56.182,1.182,2732397.266,2732397.266,石油行业
300084,海默科技,1.452,6.29,6.18,6.29,6.17,6.2,7589609,2.447,47324797,306.829,1.345,242017.6492,195090.4903,石油行业
600028,中国石化,-2.115,6.48,6.6,6.61,6.44,6.62,137833664,0.14424,896972189,15.355,1.079,78454143.85,61921435.64,石油行业
300157,恒泰艾普,1.445,7.02,7.02,7.06,6.91,6.92,18648582,3.03942,130328978,54,1.31,500366.0002,430717.325,石油行业
601857,中国石油,-0.779,7.64,7.69,7.7,7.62,7.7,30485302,0.01883,233125808,63.667,1.171,139828027.1,123708467.5,石油行业
59,华锦股份,-0.11,9.04,9.05,9.07,9,9.05,9224599,0.57674,83290474,8,1.251,1445896.053,1445892.929,石油行业
603003,龙宇燃油,-0.454,10.96,11.05,11.06,10.9,11.01,3050787,0.69161,33400524,81.913,1.161,483461.5983,483461.5983,石油行业
893,东凌国际,-0.175,5.69,5.66,5.74,5.65,5.7,11485385,2.86523,65342291,189.667,1.01,430677.9618,228086.1821,食品行业
2220,天宝食品,0.139,7.19,7.14,7.21,7.11,7.18,1506129,0.38671,10779738,21.147,1.437,393642.3075,280033.3368,食品行业
600425,*ST青松,1.12,3.61,3.59,3.62,3.58,3.57,8703548,0.63125,31357273,-8.595,1.245,497743.221,497743.221,水泥行业
600881,亚泰集团,-0.426,4.67,4.69,4.7,4.63,4.69,9552076,0.50414,44503711,77.833,1.043,1517242.646,884839.8711,水泥行业
600720,祁连山,-0.866,10.3,10.35,10.36,10.23,10.39,23405640,3.01556,240678708,13.913,1.498,799578.9905,799447.5676,水泥行业
600449,宁夏建材,-0.259,11.56,11.61,11.61,11.46,11.59,6180013,1.2924,71161214,16.282,1.219,552777.2846,552777.2846,水泥行业
2420,毅昌股份,-1.879,4.7,4.71,4.77,4.66,4.79,6644161,1.69616,31221262,94,1.275,188470,184107.1977,塑料制品
600589,广东榕泰,1.832,5.56,5.47,5.59,5.45,5.46,4683988,0.74695,25923283,39.714,1.292,392150.042,348659.4613,塑料制品
2585,双星新材,1.048,6.75,6.7,6.78,6.65,6.68,6557497,0.9429,43941659,36.408,1.051,780487.7074,469438.3202,塑料制品
300305,裕兴股份,1.58,7.07,6.95,7.11,6.95,6.96,1264645,0.64748,8933258,28.28,1.433,204880.823,138088.8935,塑料制品
600458,时代新材,3.016,8.54,8.3,8.55,8.3,8.29,3208919,0.48515,27239073,94.889,1.406,685589.6218,564854.4666,塑料制品
600500,中化国际,0.272,7.36,7.43,7.46,7.31,7.34,7050004,0.33845,51980864,245.333,1.335,1533097.326,1533097.326,物资外贸
600247,ST成城,2.145,7.62,7.58,7.83,7.47,7.46,2525101,0.75053,19314096,-11.953,-8.724,256368.4992,256368.4992,物资外贸
600278,东方创业,0.396,10.14,10.17,10.22,10.05,10.1,1965349,0.37633,19910572,34.966,1.206,529553.1233,529553.1233,物资外贸
600153,建发股份,-0.089,11.19,11.23,11.27,11.14,11.2,5739974,0.20245,64258355,11.079,1.448,3172589.393,3172589.393,物资外贸
600382,广东明珠,-2.93,12.26,12.41,12.44,12.13,12.63,7451589,2.18044,91337531,17.268,1.142,572327.1337,418981.3316,物资外贸
600739,辽宁成大,-0.055,18.04,18.15,18.19,17.9,18.05,5557175,0.40721,100286420,29.116,1.376,2759596.508,2461936.508,物资外贸
300105,龙源技术,2.174,5.64,5.52,5.65,5.46,5.52,9371689,1.82607,52097893,181.35,1.497,289453.824,289453.824,仪器仪表
980,众泰汽车,0.307,9.81,9.8,9.91,9.77,9.78,6056652,1.14783,59457775,61.313,1.238,1999015.366,517635.1958,仪器仪表
2374,丽鹏股份,0.668,4.52,4.51,4.53,4.48,4.49,2378734,0.32861,10721368,45.2,1.245,396597.2155,327188.3563,印刷包装
600880,博瑞传播,0,4.73,0,0,0,4.73,0,0,0,78.833,1.451,517146.0795,346881.6994,印刷包装
600219,南山铝业,0.315,3.18,3.16,3.19,3.16,3.17,32011641,0.45163,101594636,18.706,0.898,2941850.721,2253971.567,有色金属
600595,中孚实业,0,4.12,4.11,4.13,4.08,4.12,10119542,0.58107,41523615,137.333,1.454,808024.3115,717514.646,有色金属
600888,新疆众和,0.528,5.71,5.7,5.73,5.67,5.68,5691804,0.6828,32439300,39.461,1.4,475981.965,475981.965,有色金属
2160,常铝股份,0.169,5.91,5.93,5.96,5.87,5.9,5457175,1.16289,32259148,26.15,1.329,428043.5351,277342.7821,有色金属
601168,西部矿业,0,6.78,6.81,6.81,6.72,6.78,14963401,0.62792,101289134,61.636,1.411,1615674,1615674,有色金属
2501,利源精制,4.292,8.99,8.61,9.03,8.58,8.62,10348758,1.03435,90905746,15.5,1.379,1092137.186,899459.0375,有色金属
600390,五矿资本,-0.591,10.09,10.16,10.19,10.05,10.15,5416145,1.05467,54687885,2.925,1.219,3782123.373,518159.5877,有色金属
601677,明泰铝业,0.701,12.92,12.83,12.94,12.7,12.83,1931982,0.38898,24761028,17.699,1.428,762259.7608,641714.5394,有色金属
600362,江西铜业,-0.288,17.29,17.38,17.42,17.22,17.34,16580036,0.79894,286846935,37.587,1.26,5987059.141,3588102.763,有色金属
600308,华泰股份,0.336,5.98,5.98,6.02,5.93,5.96,12027720,1.03016,71708600,10.364,0.977,698201.7286,698201.7286,造纸行业
600963,岳阳林纸,0.334,6,6.02,6.05,5.98,5.98,7516500,0.72055,45174421,21.429,1.068,838639.8888,625895.4888,造纸行业
600356,恒丰纸业,2.046,7.98,7.83,7.98,7.81,7.82,1531357,0.51262,12096891,24.938,1.163,238387.6396,238387.6396,造纸行业
2521,齐峰新材,0.482,8.34,8.33,8.36,8.28,8.3,2216900,0.51549,18443039,26.063,1.208,412567.973,358670.8073,造纸行业
600656,退市博元,0,0,0,0,0,0,0,0,0,0,0,0,0,综合行业
600811,东方集团,0,4.48,4.49,4.5,4.46,4.48,6962984,0.21271,31186662,13.879,0.841,1664130.104,1466516.047,综合行业
600805,悦达投资,0.363,5.53,5.52,5.56,5.51,5.51,3301285,0.38826,18268315,-16.758,0.765,470544.6552,470202.2785,综合行业
600603,广汇物流,0.43,7,6.97,7.04,6.93,6.97,3511133,1.2885,24530995,9.859,1.09,615212.3761,190749.0816,综合行业
600051,宁波联合,0,9.75,0,0,0,9.75,0,0,0,19.898,1.423,303108,303108,综合行业
701,厦门信达,10,9.9,9.06,9.9,8.89,9,19466830,5.15139,185385144,106.452,1.257,402546.9254,374115.4085,综合行业
600871,*ST油服,-4.695,2.03,2.02,2.08,2.02,2.13,68101107,0.5655,138518864,-2.714,-13.652,3853821.027,2444660.182,
601005,重庆钢铁,-1.282,2.31,2.34,2.35,2.29,2.34,18509210,0.22086,42770193,57.75,1.231,2060197.124,1935889.74,
737,*ST南风,0,3.86,3.88,3.92,3.83,3.86,2983770,0.54373,11543157,-5.037,-8.448,211821.36,211821.36,
601992,金隅集团,0.604,5,5,5.07,4.95,4.97,63406957,0.77843,317622355,18.519,1.299,5338885.567,4072739.51,
2188,ST巴士,-0.916,6.49,6.48,6.53,6.44,6.55,3875635,2.10087,25127701,20.935,0.893,191862.2631,119726.2259,
600908,无锡银行,-1.102,7.18,7.24,7.26,7.17,7.26,9375435,1.16562,67567645,13.296,1.457,1326946.436,577509.3837,
2807,江阴银行,-0.277,7.19,7.22,7.25,7.16,7.21,7752200,1.07925,55840831,15.719,1.389,1270727.775,516452.9151,
600919,江苏银行,-0.272,7.32,7.36,7.37,7.3,7.34,22127286,0.37352,162121047,7.469,0.952,8450537.4,4336351.783,
603323,吴江银行,-0.631,7.87,7.85,7.95,7.82,7.92,7974487,1.31391,62774662,12.297,1.374,1139642.365,477652.2974,
719,中原传媒,1.178,8.59,8.5,8.59,8.5,8.49,1880740,0.28191,16099953,12.632,1.223,878932.0204,573079.7394,
603979,金诚信,0.643,9.39,9.32,9.43,9.26,9.33,2547604,1.04771,23872355,22.357,1.445,549315,228327.5405,
603668,天马科技,1.789,10.81,10.67,10.87,10.6,10.62,2177877,1.17107,23374428,21.62,0,320840.8,201036.84,
600926,杭州银行,-0.353,11.29,11.32,11.38,11.24,11.33,8545836,0.58304,96459748,6.72,1.003,4137140.206,1654808.727,
601997,贵阳银行,-1.033,14.37,14.53,14.58,14.35,14.52,15793172,1.27471,227953986,7.726,1.402,3303076.56,1780392.842,
601229,上海银行,-0.538,14.8,14.91,14.91,14.77,14.88,10642395,0.2871,157688079,5.67,0.93,11552561.8,5486204.538,
601828,美凯龙,1.024,15.78,15.7,16.06,15.65,15.62,15217745,4.83103,240932576,13.965,1.415,6215611.086,497070,
601211,国泰君安,-0.176,17.06,17.15,17.19,16.97,17.09,18009332,0.38053,307509961,15.369,1.207,14865980.76,8073979.437,
